-- MySQL dump 10.13  Distrib 8.0.40, for Win64 (x86_64)
--
-- Host: localhost    Database: attendance_system
-- ------------------------------------------------------
-- Server version	8.0.40
/*!40103 SET @OLD_TIME_ZONE=@@TIME_ZONE */;
/*!40103 SET TIME_ZONE='+00:00' */;
/*!40014 SET @OLD_UNIQUE_CHECKS=@@UNIQUE_CHECKS, UNIQUE_CHECKS=0 */;
/*!40014 SET @OLD_FOREIGN_KEY_CHECKS=@@FOREIGN_KEY_CHECKS, FOREIGN_KEY_CHECKS=0 */;
/*!40101 SET @OLD_SQL_MODE=@@SQL_MODE, SQL_MODE='NO_AUTO_VALUE_ON_ZERO' */;
/*!40111 SET @OLD_SQL_NOTES=@@SQL_NOTES, SQL_NOTES=0 */;

--
-- Table structure for table `attendance_count`
--

DROP TABLE IF EXISTS `attendance_count`;
/*!40101 SET @saved_cs_client     = @@character_set_client */;
/*!50503 SET character_set_client = utf8mb4 */;
CREATE TABLE `attendance_count` (
  `student_id` varchar(20) NOT NULL,
  `course_id` varchar(20) NOT NULL,
  `actual_count` int NOT NULL DEFAULT '0',
  `need_count` int NOT NULL DEFAULT '0',
  PRIMARY KEY (`student_id`,`course_id`),
  KEY `course_id` (`course_id`),
  CONSTRAINT `attendance_count_ibfk_1` FOREIGN KEY (`student_id`) REFERENCES `student` (`student_id`),
  CONSTRAINT `attendance_count_ibfk_2` FOREIGN KEY (`course_id`) REFERENCES `course` (`course_id`),
  CONSTRAINT `chk_actual_count` CHECK ((`actual_count` >= 0)),
  CONSTRAINT `chk_count_logic` CHECK ((`actual_count` <= `need_count`)),
  CONSTRAINT `chk_need_count` CHECK ((`need_count` >= 0))
) ENGINE=InnoDB DEFAULT CHARSET=utf8mb4 COLLATE=utf8mb4_0900_ai_ci;
/*!40101 SET character_set_client = @saved_cs_client */;

--
-- Dumping data for table `attendance_count`
--

LOCK TABLES `attendance_count` WRITE;
/*!40000 ALTER TABLE `attendance_count` DISABLE KEYS */;
INSERT INTO `attendance_count` VALUES ('100','1',11,13),('100','2',11,13),('100','3',11,13),('100','4',11,13),('100','5',11,13),('101','1',13,13),('101','11',11,13),('101','12',12,14),('101','2',13,13),('101','3',11,13),('101','6',12,14),('101','7',11,13),('102','1',11,13),('102','13',11,13),('102','14',11,13),('102','3',11,13),('102','5',11,13),('102','6',12,14),('102','8',11,13),('103','1',11,13),('103','2',11,13),('103','3',11,13),('103','5',11,13),('103','7',11,13),('104','1',11,13),('104','11',11,13),('104','12',12,14),('104','2',11,13),('104','3',11,13),('104','6',12,14),('104','7',11,13),('105','10',11,13),('105','2',11,13),('105','4',11,13),('105','5',11,13),('105','8',11,13),('106','13',11,13),('106','3',11,13),('106','5',11,13),('106','6',12,14),('106','9',11,13),('107','1',11,13),('107','10',11,13),('107','2',11,13),('107','4',11,13),('107','6',12,14);
/*!40000 ALTER TABLE `attendance_count` ENABLE KEYS */;
UNLOCK TABLES;

--
-- Table structure for table `attendance_log`
--

DROP TABLE IF EXISTS `attendance_log`;
/*!40101 SET @saved_cs_client     = @@character_set_client */;
/*!50503 SET character_set_client = utf8mb4 */;
CREATE TABLE `attendance_log` (
  `log_id` int NOT NULL AUTO_INCREMENT,
  `student_id` varchar(20) NOT NULL,
  `course_id` varchar(20) NOT NULL,
  `check_time` datetime NOT NULL,
  `location` tinyint(1) DEFAULT '0',
  `check_state` enum('checked','absent','leave') NOT NULL,
  PRIMARY KEY (`log_id`),
  KEY `idx_log_student_course` (`student_id`,`course_id`),
  KEY `idx_log_composite` (`course_id`,`check_time`,`student_id`),
  CONSTRAINT `attendance_log_ibfk_1` FOREIGN KEY (`student_id`) REFERENCES `student` (`student_id`),
  CONSTRAINT `attendance_log_ibfk_2` FOREIGN KEY (`course_id`) REFERENCES `course` (`course_id`)
) ENGINE=InnoDB AUTO_INCREMENT=606 DEFAULT CHARSET=utf8mb4 COLLATE=utf8mb4_0900_ai_ci;
/*!40101 SET character_set_client = @saved_cs_client */;

--
-- Dumping data for table `attendance_log`
--

LOCK TABLES `attendance_log` WRITE;
/*!40000 ALTER TABLE `attendance_log` DISABLE KEYS */;
INSERT INTO `attendance_log` VALUES (1,'100','1','2025-03-03 10:05:00',1,'checked'),(2,'100','1','2025-03-10 10:10:00',1,'checked'),(3,'100','1','2025-03-17 10:03:00',1,'checked'),(4,'100','1','2025-03-24 10:15:00',1,'checked'),(5,'100','1','2025-03-31 10:08:00',1,'checked'),(6,'100','1','2025-04-07 10:30:00',0,'absent'),(7,'100','1','2025-04-14 10:07:00',1,'checked'),(8,'100','1','2025-04-21 10:12:00',1,'checked'),(9,'100','1','2025-04-28 10:05:00',1,'checked'),(10,'100','1','2025-05-05 10:00:00',1,'checked'),(11,'100','1','2025-05-12 10:20:00',1,'leave'),(12,'100','1','2025-05-19 10:09:00',1,'checked'),(13,'100','1','2025-05-26 10:11:00',1,'checked'),(14,'100','2','2025-03-04 14:05:00',1,'checked'),(15,'100','2','2025-03-11 14:10:00',1,'checked'),(16,'100','2','2025-03-18 14:03:00',1,'checked'),(17,'100','2','2025-03-25 14:15:00',1,'checked'),(18,'100','2','2025-04-01 14:08:00',1,'checked'),(19,'100','2','2025-04-08 14:30:00',0,'absent'),(20,'100','2','2025-04-15 14:07:00',1,'checked'),(21,'100','2','2025-04-22 14:12:00',1,'checked'),(22,'100','2','2025-04-29 14:05:00',1,'checked'),(23,'100','2','2025-05-06 14:00:00',1,'checked'),(24,'100','2','2025-05-13 14:20:00',1,'leave'),(25,'100','2','2025-05-20 14:09:00',1,'checked'),(26,'100','2','2025-05-27 14:11:00',1,'checked'),(27,'100','3','2025-03-05 10:05:00',1,'checked'),(28,'100','3','2025-03-12 10:10:00',1,'checked'),(29,'100','3','2025-03-19 10:03:00',1,'checked'),(30,'100','3','2025-03-26 10:15:00',1,'checked'),(31,'100','3','2025-04-02 10:08:00',1,'checked'),(32,'100','3','2025-04-09 10:30:00',0,'leave'),(33,'100','3','2025-04-16 10:07:00',1,'checked'),(34,'100','3','2025-04-23 10:12:00',1,'absent'),(35,'100','3','2025-04-30 10:05:00',1,'checked'),(36,'100','3','2025-05-07 10:00:00',1,'checked'),(37,'100','3','2025-05-14 10:20:00',1,'checked'),(38,'100','3','2025-05-21 10:09:00',1,'checked'),(39,'100','3','2025-05-28 10:11:00',1,'checked'),(40,'100','4','2025-03-06 14:05:00',1,'checked'),(41,'100','4','2025-03-13 14:10:00',1,'checked'),(42,'100','4','2025-03-20 14:03:00',1,'checked'),(43,'100','4','2025-03-27 14:15:00',1,'checked'),(44,'100','4','2025-04-03 14:08:00',1,'checked'),(45,'100','4','2025-04-10 14:30:00',0,'absent'),(46,'100','4','2025-04-17 14:07:00',1,'checked'),(47,'100','4','2025-04-24 14:12:00',1,'checked'),(48,'100','4','2025-05-01 14:05:00',1,'checked'),(49,'100','4','2025-05-08 14:00:00',1,'checked'),(50,'100','4','2025-05-15 14:20:00',1,'leave'),(51,'100','4','2025-05-22 14:09:00',1,'checked'),(52,'100','4','2025-05-29 14:11:00',1,'checked'),(53,'100','5','2025-03-07 10:05:00',1,'checked'),(54,'100','5','2025-03-14 10:10:00',1,'checked'),(55,'100','5','2025-03-21 10:03:00',1,'checked'),(56,'100','5','2025-03-28 10:15:00',1,'checked'),(57,'100','5','2025-04-04 10:08:00',1,'checked'),(58,'100','5','2025-04-11 10:30:00',0,'absent'),(59,'100','5','2025-04-18 10:07:00',1,'checked'),(60,'100','5','2025-04-25 10:12:00',1,'checked'),(61,'100','5','2025-05-02 10:05:00',1,'checked'),(62,'100','5','2025-05-09 10:00:00',1,'checked'),(63,'100','5','2025-05-16 10:20:00',1,'leave'),(64,'100','5','2025-05-23 10:09:00',1,'checked'),(65,'100','5','2025-05-30 10:11:00',1,'checked'),(66,'101','1','2025-03-03 10:02:00',1,'checked'),(67,'101','1','2025-03-10 10:08:00',1,'checked'),(68,'101','1','2025-03-17 10:05:00',1,'checked'),(69,'101','1','2025-03-24 10:12:00',1,'checked'),(70,'101','1','2025-03-31 10:10:00',1,'checked'),(71,'101','1','2025-04-07 10:00:00',1,'checked'),(72,'101','1','2025-04-14 10:15:00',1,'checked'),(73,'101','1','2025-04-21 10:07:00',1,'checked'),(74,'101','1','2025-04-28 10:03:00',1,'checked'),(75,'101','1','2025-05-05 10:09:00',1,'checked'),(76,'101','1','2025-05-12 10:00:00',1,'checked'),(77,'101','1','2025-05-19 10:11:00',1,'checked'),(78,'101','1','2025-05-26 10:06:00',1,'checked'),(79,'101','2','2025-03-04 14:03:00',1,'checked'),(80,'101','2','2025-03-11 14:07:00',1,'checked'),(81,'101','2','2025-03-18 14:10:00',1,'checked'),(82,'101','2','2025-03-25 14:05:00',1,'checked'),(83,'101','2','2025-04-01 14:12:00',1,'checked'),(84,'101','2','2025-04-08 14:08:00',1,'checked'),(85,'101','2','2025-04-15 14:00:00',1,'checked'),(86,'101','2','2025-04-22 14:15:00',1,'checked'),(87,'101','2','2025-04-29 14:07:00',1,'checked'),(88,'101','2','2025-05-06 14:03:00',1,'checked'),(89,'101','2','2025-05-13 14:09:00',1,'checked'),(90,'101','2','2025-05-20 14:00:00',1,'checked'),(91,'101','2','2025-05-27 14:11:00',1,'checked'),(92,'101','3','2025-03-05 10:05:00',1,'checked'),(93,'101','3','2025-03-12 10:10:00',1,'checked'),(94,'101','3','2025-03-19 10:03:00',1,'checked'),(95,'101','3','2025-03-26 10:15:00',1,'checked'),(96,'101','3','2025-04-02 10:08:00',1,'checked'),(97,'101','3','2025-04-09 10:30:00',0,'absent'),(98,'101','3','2025-04-16 10:07:00',1,'checked'),(99,'101','3','2025-04-23 10:12:00',1,'checked'),(100,'101','3','2025-04-30 10:05:00',1,'checked'),(101,'101','3','2025-05-07 10:00:00',1,'checked'),(102,'101','3','2025-05-14 10:20:00',1,'absent'),(103,'101','3','2025-05-21 10:09:00',1,'checked'),(104,'101','3','2025-05-28 10:11:00',1,'checked'),(105,'101','6','2025-03-01 19:05:00',1,'checked'),(106,'101','6','2025-03-08 19:10:00',1,'checked'),(107,'101','6','2025-03-15 19:03:00',1,'checked'),(108,'101','6','2025-03-22 19:15:00',1,'checked'),(109,'101','6','2025-03-29 19:08:00',1,'checked'),(110,'101','6','2025-04-05 19:30:00',0,'absent'),(111,'101','6','2025-04-12 19:07:00',1,'checked'),(112,'101','6','2025-04-19 19:12:00',1,'checked'),(113,'101','6','2025-04-26 19:05:00',1,'checked'),(114,'101','6','2025-05-03 19:00:00',1,'checked'),(115,'101','6','2025-05-10 19:20:00',1,'leave'),(116,'101','6','2025-05-17 19:09:00',1,'checked'),(117,'101','6','2025-05-24 19:11:00',1,'checked'),(118,'101','6','2025-05-31 19:06:00',1,'checked'),(119,'101','7','2025-03-03 14:05:00',1,'checked'),(120,'101','7','2025-03-10 14:10:00',1,'checked'),(121,'101','7','2025-03-17 14:03:00',1,'checked'),(122,'101','7','2025-03-24 14:15:00',1,'checked'),(123,'101','7','2025-03-31 14:08:00',1,'checked'),(124,'101','7','2025-04-07 14:30:00',0,'absent'),(125,'101','7','2025-04-14 14:07:00',1,'checked'),(126,'101','7','2025-04-21 14:12:00',1,'checked'),(127,'101','7','2025-04-28 14:05:00',1,'checked'),(128,'101','7','2025-05-05 14:00:00',1,'checked'),(129,'101','7','2025-05-12 14:20:00',1,'leave'),(130,'101','7','2025-05-19 14:09:00',1,'checked'),(131,'101','7','2025-05-26 14:11:00',1,'checked'),(132,'101','11','2025-03-07 14:05:00',1,'checked'),(133,'101','11','2025-03-14 14:10:00',1,'checked'),(134,'101','11','2025-03-21 14:03:00',1,'checked'),(135,'101','11','2025-03-28 14:15:00',1,'checked'),(136,'101','11','2025-04-04 14:08:00',1,'checked'),(137,'101','11','2025-04-11 14:30:00',0,'absent'),(138,'101','11','2025-04-18 14:07:00',1,'checked'),(139,'101','11','2025-04-25 14:12:00',1,'checked'),(140,'101','11','2025-05-02 14:05:00',1,'checked'),(141,'101','11','2025-05-09 14:00:00',1,'checked'),(142,'101','11','2025-05-16 14:20:00',1,'leave'),(143,'101','11','2025-05-23 14:09:00',1,'checked'),(144,'101','11','2025-05-30 14:11:00',1,'checked'),(145,'101','12','2025-03-01 10:05:00',1,'checked'),(146,'101','12','2025-03-08 10:10:00',1,'checked'),(147,'101','12','2025-03-15 10:03:00',1,'checked'),(148,'101','12','2025-03-22 10:15:00',1,'checked'),(149,'101','12','2025-03-29 10:08:00',1,'checked'),(150,'101','12','2025-04-05 10:30:00',0,'absent'),(151,'101','12','2025-04-12 10:07:00',1,'checked'),(152,'101','12','2025-04-19 10:12:00',1,'checked'),(153,'101','12','2025-04-26 10:05:00',1,'checked'),(154,'101','12','2025-05-03 10:00:00',1,'checked'),(155,'101','12','2025-05-10 10:20:00',1,'leave'),(156,'101','12','2025-05-17 10:09:00',1,'checked'),(157,'101','12','2025-05-24 10:11:00',1,'checked'),(158,'101','12','2025-05-31 10:06:00',1,'checked'),(159,'102','1','2025-03-03 10:07:00',1,'checked'),(160,'102','1','2025-03-10 10:12:00',1,'checked'),(161,'102','1','2025-03-17 10:05:00',1,'checked'),(162,'102','1','2025-03-24 10:00:00',1,'checked'),(163,'102','1','2025-03-31 10:20:00',1,'leave'),(164,'102','1','2025-04-07 10:09:00',1,'checked'),(165,'102','1','2025-04-14 10:11:00',1,'checked'),(166,'102','1','2025-04-21 10:06:00',1,'checked'),(167,'102','1','2025-04-28 10:04:00',1,'checked'),(168,'102','1','2025-05-05 10:00:00',1,'checked'),(169,'102','1','2025-05-12 10:15:00',1,'checked'),(170,'102','1','2025-05-19 10:08:00',1,'checked'),(171,'102','1','2025-05-26 10:30:00',0,'absent'),(172,'102','3','2025-03-05 10:05:00',1,'checked'),(173,'102','3','2025-03-12 10:10:00',1,'checked'),(174,'102','3','2025-03-19 10:03:00',1,'checked'),(175,'102','3','2025-03-26 10:15:00',1,'checked'),(176,'102','3','2025-04-02 10:08:00',1,'checked'),(177,'102','3','2025-04-09 10:30:00',0,'absent'),(178,'102','3','2025-04-16 10:07:00',1,'checked'),(179,'102','3','2025-04-23 10:12:00',1,'checked'),(180,'102','3','2025-04-30 10:05:00',1,'checked'),(181,'102','3','2025-05-07 10:00:00',1,'checked'),(182,'102','3','2025-05-14 10:20:00',1,'leave'),(183,'102','3','2025-05-21 10:09:00',1,'checked'),(184,'102','3','2025-05-28 10:11:00',1,'checked'),(185,'102','5','2025-03-07 10:05:00',1,'checked'),(186,'102','5','2025-03-14 10:10:00',1,'checked'),(187,'102','5','2025-03-21 10:03:00',1,'checked'),(188,'102','5','2025-03-28 10:15:00',1,'checked'),(189,'102','5','2025-04-04 10:08:00',1,'checked'),(190,'102','5','2025-04-11 10:30:00',0,'absent'),(191,'102','5','2025-04-18 10:07:00',1,'checked'),(192,'102','5','2025-04-25 10:12:00',1,'checked'),(193,'102','5','2025-05-02 10:05:00',1,'checked'),(194,'102','5','2025-05-09 10:00:00',1,'checked'),(195,'102','5','2025-05-16 10:20:00',1,'leave'),(196,'102','5','2025-05-23 10:09:00',1,'checked'),(197,'102','5','2025-05-30 10:11:00',1,'checked'),(198,'102','6','2025-03-01 19:05:00',1,'checked'),(199,'102','6','2025-03-08 19:10:00',1,'checked'),(200,'102','6','2025-03-15 19:03:00',1,'checked'),(201,'102','6','2025-03-22 19:15:00',1,'checked'),(202,'102','6','2025-03-29 19:08:00',1,'checked'),(203,'102','6','2025-04-05 19:30:00',0,'absent'),(204,'102','6','2025-04-12 19:07:00',1,'checked'),(205,'102','6','2025-04-19 19:12:00',1,'checked'),(206,'102','6','2025-04-26 19:05:00',1,'checked'),(207,'102','6','2025-05-03 19:00:00',1,'checked'),(208,'102','6','2025-05-10 19:20:00',1,'leave'),(209,'102','6','2025-05-17 19:09:00',1,'checked'),(210,'102','6','2025-05-24 19:11:00',1,'checked'),(211,'102','6','2025-05-31 19:06:00',1,'checked'),(212,'102','8','2025-03-04 10:05:00',1,'checked'),(213,'102','8','2025-03-11 10:10:00',1,'checked'),(214,'102','8','2025-03-18 10:03:00',1,'checked'),(215,'102','8','2025-03-25 10:15:00',1,'checked'),(216,'102','8','2025-04-01 10:08:00',1,'checked'),(217,'102','8','2025-04-08 10:30:00',0,'absent'),(218,'102','8','2025-04-15 10:07:00',1,'checked'),(219,'102','8','2025-04-22 10:12:00',1,'checked'),(220,'102','8','2025-04-29 10:05:00',1,'checked'),(221,'102','8','2025-05-06 10:00:00',1,'checked'),(222,'102','8','2025-05-13 10:20:00',1,'leave'),(223,'102','8','2025-05-20 10:09:00',1,'checked'),(224,'102','8','2025-05-27 10:11:00',1,'checked'),(225,'102','13','2025-03-03 19:05:00',1,'checked'),(226,'102','13','2025-03-10 19:10:00',1,'checked'),(227,'102','13','2025-03-17 19:03:00',1,'checked'),(228,'102','13','2025-03-24 19:15:00',1,'checked'),(229,'102','13','2025-03-31 19:08:00',1,'checked'),(230,'102','13','2025-04-07 19:30:00',0,'absent'),(231,'102','13','2025-04-14 19:07:00',1,'checked'),(232,'102','13','2025-04-21 19:12:00',1,'checked'),(233,'102','13','2025-04-28 19:05:00',1,'checked'),(234,'102','13','2025-05-05 19:00:00',1,'checked'),(235,'102','13','2025-05-12 19:20:00',1,'leave'),(236,'102','13','2025-05-19 19:09:00',1,'checked'),(237,'102','13','2025-05-26 19:11:00',1,'checked'),(238,'102','14','2025-03-04 19:05:00',1,'checked'),(239,'102','14','2025-03-11 19:10:00',1,'checked'),(240,'102','14','2025-03-18 19:03:00',1,'checked'),(241,'102','14','2025-03-25 19:15:00',1,'checked'),(242,'102','14','2025-04-01 19:08:00',1,'checked'),(243,'102','14','2025-04-08 19:30:00',0,'absent'),(244,'102','14','2025-04-15 19:07:00',1,'checked'),(245,'102','14','2025-04-22 19:12:00',1,'checked'),(246,'102','14','2025-04-29 19:05:00',1,'checked'),(247,'102','14','2025-05-06 19:00:00',1,'checked'),(248,'102','14','2025-05-13 19:20:00',1,'leave'),(249,'102','14','2025-05-20 19:09:00',1,'checked'),(250,'102','14','2025-05-27 19:11:00',1,'checked'),(251,'103','1','2025-03-03 10:05:00',1,'checked'),(252,'103','1','2025-03-10 10:10:00',1,'checked'),(253,'103','1','2025-03-17 10:03:00',1,'checked'),(254,'103','1','2025-03-24 10:15:00',1,'checked'),(255,'103','1','2025-03-31 10:08:00',1,'checked'),(256,'103','1','2025-04-07 10:30:00',0,'absent'),(257,'103','1','2025-04-14 10:07:00',1,'checked'),(258,'103','1','2025-04-21 10:12:00',1,'checked'),(259,'103','1','2025-04-28 10:05:00',1,'checked'),(260,'103','1','2025-05-05 10:00:00',1,'checked'),(261,'103','1','2025-05-12 10:20:00',1,'leave'),(262,'103','1','2025-05-19 10:09:00',1,'checked'),(263,'103','1','2025-05-26 10:11:00',1,'checked'),(264,'103','2','2025-03-04 14:05:00',1,'checked'),(265,'103','2','2025-03-11 14:10:00',1,'checked'),(266,'103','2','2025-03-18 14:03:00',1,'checked'),(267,'103','2','2025-03-25 14:15:00',1,'checked'),(268,'103','2','2025-04-01 14:08:00',1,'checked'),(269,'103','2','2025-04-08 14:30:00',0,'absent'),(270,'103','2','2025-04-15 14:07:00',1,'checked'),(271,'103','2','2025-04-22 14:12:00',1,'checked'),(272,'103','2','2025-04-29 14:05:00',1,'checked'),(273,'103','2','2025-05-06 14:00:00',1,'checked'),(274,'103','2','2025-05-13 14:20:00',1,'leave'),(275,'103','2','2025-05-20 14:09:00',1,'checked'),(276,'103','2','2025-05-27 14:11:00',1,'checked'),(277,'103','3','2025-03-05 10:05:00',1,'checked'),(278,'103','3','2025-03-12 10:10:00',1,'checked'),(279,'103','3','2025-03-19 10:03:00',1,'checked'),(280,'103','3','2025-03-26 10:15:00',1,'checked'),(281,'103','3','2025-04-02 10:08:00',1,'checked'),(282,'103','3','2025-04-09 10:30:00',0,'absent'),(283,'103','3','2025-04-16 10:07:00',1,'checked'),(284,'103','3','2025-04-23 10:12:00',1,'checked'),(285,'103','3','2025-04-30 10:05:00',1,'checked'),(286,'103','3','2025-05-07 10:00:00',1,'checked'),(287,'103','3','2025-05-14 10:20:00',1,'checked'),(288,'103','3','2025-05-21 10:09:00',1,'checked'),(289,'103','3','2025-05-28 10:11:00',1,'absent'),(290,'103','5','2025-03-07 10:05:00',1,'checked'),(291,'103','5','2025-03-14 10:10:00',1,'checked'),(292,'103','5','2025-03-21 10:03:00',1,'checked'),(293,'103','5','2025-03-28 10:15:00',1,'checked'),(294,'103','5','2025-04-04 10:08:00',1,'checked'),(295,'103','5','2025-04-11 10:30:00',0,'absent'),(296,'103','5','2025-04-18 10:07:00',1,'checked'),(297,'103','5','2025-04-25 10:12:00',1,'checked'),(298,'103','5','2025-05-02 10:05:00',1,'checked'),(299,'103','5','2025-05-09 10:00:00',1,'checked'),(300,'103','5','2025-05-16 10:20:00',1,'leave'),(301,'103','5','2025-05-23 10:09:00',1,'checked'),(302,'103','5','2025-05-30 10:11:00',1,'checked'),(303,'103','7','2025-03-03 14:05:00',1,'checked'),(304,'103','7','2025-03-10 14:10:00',1,'checked'),(305,'103','7','2025-03-17 14:03:00',1,'checked'),(306,'103','7','2025-03-24 14:15:00',1,'checked'),(307,'103','7','2025-03-31 14:08:00',1,'checked'),(308,'103','7','2025-04-07 14:30:00',0,'absent'),(309,'103','7','2025-04-14 14:07:00',1,'checked'),(310,'103','7','2025-04-21 14:12:00',1,'checked'),(311,'103','7','2025-04-28 14:05:00',1,'checked'),(312,'103','7','2025-05-05 14:00:00',1,'checked'),(313,'103','7','2025-05-12 14:20:00',1,'leave'),(314,'103','7','2025-05-19 14:09:00',1,'checked'),(315,'103','7','2025-05-26 14:11:00',1,'checked'),(316,'104','1','2025-03-03 10:05:00',1,'checked'),(317,'104','1','2025-03-10 10:10:00',1,'checked'),(318,'104','1','2025-03-17 10:03:00',1,'checked'),(319,'104','1','2025-03-24 10:15:00',1,'checked'),(320,'104','1','2025-03-31 10:08:00',1,'checked'),(321,'104','1','2025-04-07 10:30:00',0,'absent'),(322,'104','1','2025-04-14 10:07:00',1,'checked'),(323,'104','1','2025-04-21 10:12:00',1,'checked'),(324,'104','1','2025-04-28 10:05:00',1,'checked'),(325,'104','1','2025-05-05 10:00:00',1,'checked'),(326,'104','1','2025-05-12 10:20:00',1,'leave'),(327,'104','1','2025-05-19 10:09:00',1,'checked'),(328,'104','1','2025-05-26 10:11:00',1,'checked'),(329,'104','2','2025-03-04 14:05:00',1,'checked'),(330,'104','2','2025-03-11 14:10:00',1,'checked'),(331,'104','2','2025-03-18 14:03:00',1,'checked'),(332,'104','2','2025-03-25 14:15:00',1,'checked'),(333,'104','2','2025-04-01 14:08:00',1,'checked'),(334,'104','2','2025-04-08 14:30:00',0,'absent'),(335,'104','2','2025-04-15 14:07:00',1,'checked'),(336,'104','2','2025-04-22 14:12:00',1,'checked'),(337,'104','2','2025-04-29 14:05:00',1,'checked'),(338,'104','2','2025-05-06 14:00:00',1,'checked'),(339,'104','2','2025-05-13 14:20:00',1,'leave'),(340,'104','2','2025-05-20 14:09:00',1,'checked'),(341,'104','2','2025-05-27 14:11:00',1,'checked'),(342,'104','3','2025-03-05 10:05:00',1,'absent'),(343,'104','3','2025-03-12 10:10:00',1,'checked'),(344,'104','3','2025-03-19 10:03:00',1,'checked'),(345,'104','3','2025-03-26 10:15:00',1,'checked'),(346,'104','3','2025-04-02 10:08:00',1,'checked'),(347,'104','3','2025-04-09 10:30:00',0,'checked'),(348,'104','3','2025-04-16 10:07:00',1,'checked'),(349,'104','3','2025-04-23 10:12:00',1,'checked'),(350,'104','3','2025-04-30 10:05:00',1,'checked'),(351,'104','3','2025-05-07 10:00:00',1,'checked'),(352,'104','3','2025-05-14 10:20:00',1,'absent'),(353,'104','3','2025-05-21 10:09:00',1,'checked'),(354,'104','3','2025-05-28 10:11:00',1,'checked'),(355,'104','6','2025-03-01 19:05:00',1,'checked'),(356,'104','6','2025-03-08 19:10:00',1,'checked'),(357,'104','6','2025-03-15 19:03:00',1,'checked'),(358,'104','6','2025-03-22 19:15:00',1,'checked'),(359,'104','6','2025-03-29 19:08:00',1,'checked'),(360,'104','6','2025-04-05 19:30:00',0,'absent'),(361,'104','6','2025-04-12 19:07:00',1,'checked'),(362,'104','6','2025-04-19 19:12:00',1,'checked'),(363,'104','6','2025-04-26 19:05:00',1,'checked'),(364,'104','6','2025-05-03 19:00:00',1,'checked'),(365,'104','6','2025-05-10 19:20:00',1,'leave'),(366,'104','6','2025-05-17 19:09:00',1,'checked'),(367,'104','6','2025-05-24 19:11:00',1,'checked'),(368,'104','6','2025-05-31 19:06:00',1,'checked'),(369,'104','7','2025-03-03 14:05:00',1,'checked'),(370,'104','7','2025-03-10 14:10:00',1,'checked'),(371,'104','7','2025-03-17 14:03:00',1,'checked'),(372,'104','7','2025-03-24 14:15:00',1,'checked'),(373,'104','7','2025-03-31 14:08:00',1,'checked'),(374,'104','7','2025-04-07 14:30:00',0,'absent'),(375,'104','7','2025-04-14 14:07:00',1,'checked'),(376,'104','7','2025-04-21 14:12:00',1,'checked'),(377,'104','7','2025-04-28 14:05:00',1,'checked'),(378,'104','7','2025-05-05 14:00:00',1,'checked'),(379,'104','7','2025-05-12 14:20:00',1,'leave'),(380,'104','7','2025-05-19 14:09:00',1,'checked'),(381,'104','7','2025-05-26 14:11:00',1,'checked'),(382,'104','11','2025-03-07 14:05:00',1,'checked'),(383,'104','11','2025-03-14 14:10:00',1,'checked'),(384,'104','11','2025-03-21 14:03:00',1,'checked'),(385,'104','11','2025-03-28 14:15:00',1,'checked'),(386,'104','11','2025-04-04 14:08:00',1,'checked'),(387,'104','11','2025-04-11 14:30:00',0,'absent'),(388,'104','11','2025-04-18 14:07:00',1,'checked'),(389,'104','11','2025-04-25 14:12:00',1,'checked'),(390,'104','11','2025-05-02 14:05:00',1,'checked'),(391,'104','11','2025-05-09 14:00:00',1,'checked'),(392,'104','11','2025-05-16 14:20:00',1,'leave'),(393,'104','11','2025-05-23 14:09:00',1,'checked'),(394,'104','11','2025-05-30 14:11:00',1,'checked'),(395,'104','12','2025-03-01 10:05:00',1,'checked'),(396,'104','12','2025-03-08 10:10:00',1,'checked'),(397,'104','12','2025-03-15 10:03:00',1,'checked'),(398,'104','12','2025-03-22 10:15:00',1,'checked'),(399,'104','12','2025-03-29 10:08:00',1,'checked'),(400,'104','12','2025-04-05 10:30:00',0,'absent'),(401,'104','12','2025-04-12 10:07:00',1,'checked'),(402,'104','12','2025-04-19 10:12:00',1,'checked'),(403,'104','12','2025-04-26 10:05:00',1,'checked'),(404,'104','12','2025-05-03 10:00:00',1,'checked'),(405,'104','12','2025-05-10 10:20:00',1,'leave'),(406,'104','12','2025-05-17 10:09:00',1,'checked'),(407,'104','12','2025-05-24 10:11:00',1,'checked'),(408,'104','12','2025-05-31 10:06:00',1,'checked'),(409,'105','2','2025-03-04 14:05:00',1,'checked'),(410,'105','2','2025-03-11 14:10:00',1,'checked'),(411,'105','2','2025-03-18 14:03:00',1,'checked'),(412,'105','2','2025-03-25 14:15:00',1,'checked'),(413,'105','2','2025-04-01 14:08:00',1,'checked'),(414,'105','2','2025-04-08 14:30:00',0,'absent'),(415,'105','2','2025-04-15 14:07:00',1,'checked'),(416,'105','2','2025-04-22 14:12:00',1,'checked'),(417,'105','2','2025-04-29 14:05:00',1,'checked'),(418,'105','2','2025-05-06 14:00:00',1,'checked'),(419,'105','2','2025-05-13 14:20:00',1,'leave'),(420,'105','2','2025-05-20 14:09:00',1,'checked'),(421,'105','2','2025-05-27 14:11:00',1,'checked'),(422,'105','4','2025-03-06 14:05:00',1,'checked'),(423,'105','4','2025-03-13 14:10:00',1,'checked'),(424,'105','4','2025-03-20 14:03:00',1,'checked'),(425,'105','4','2025-03-27 14:15:00',1,'checked'),(426,'105','4','2025-04-03 14:08:00',1,'checked'),(427,'105','4','2025-04-10 14:30:00',0,'absent'),(428,'105','4','2025-04-17 14:07:00',1,'checked'),(429,'105','4','2025-04-24 14:12:00',1,'checked'),(430,'105','4','2025-05-01 14:05:00',1,'checked'),(431,'105','4','2025-05-08 14:00:00',1,'checked'),(432,'105','4','2025-05-15 14:20:00',1,'leave'),(433,'105','4','2025-05-22 14:09:00',1,'checked'),(434,'105','4','2025-05-29 14:11:00',1,'checked'),(435,'105','5','2025-03-07 10:05:00',1,'checked'),(436,'105','5','2025-03-14 10:10:00',1,'checked'),(437,'105','5','2025-03-21 10:03:00',1,'checked'),(438,'105','5','2025-03-28 10:15:00',1,'checked'),(439,'105','5','2025-04-04 10:08:00',1,'checked'),(440,'105','5','2025-04-11 10:30:00',0,'absent'),(441,'105','5','2025-04-18 10:07:00',1,'checked'),(442,'105','5','2025-04-25 10:12:00',1,'checked'),(443,'105','5','2025-05-02 10:05:00',1,'checked'),(444,'105','5','2025-05-09 10:00:00',1,'checked'),(445,'105','5','2025-05-16 10:20:00',1,'leave'),(446,'105','5','2025-05-23 10:09:00',1,'checked'),(447,'105','5','2025-05-30 10:11:00',1,'checked'),(448,'105','8','2025-03-04 10:05:00',1,'checked'),(449,'105','8','2025-03-11 10:10:00',1,'checked'),(450,'105','8','2025-03-18 10:03:00',1,'checked'),(451,'105','8','2025-03-25 10:15:00',1,'checked'),(452,'105','8','2025-04-01 10:08:00',1,'checked'),(453,'105','8','2025-04-08 10:30:00',0,'absent'),(454,'105','8','2025-04-15 10:07:00',1,'checked'),(455,'105','8','2025-04-22 10:12:00',1,'checked'),(456,'105','8','2025-04-29 10:05:00',1,'checked'),(457,'105','8','2025-05-06 10:00:00',1,'checked'),(458,'105','8','2025-05-13 10:20:00',1,'leave'),(459,'105','8','2025-05-20 10:09:00',1,'checked'),(460,'105','8','2025-05-27 10:11:00',1,'checked'),(461,'105','10','2025-03-06 10:05:00',1,'checked'),(462,'105','10','2025-03-13 10:10:00',1,'checked'),(463,'105','10','2025-03-20 10:03:00',1,'checked'),(464,'105','10','2025-03-27 10:15:00',1,'checked'),(465,'105','10','2025-04-03 10:08:00',1,'checked'),(466,'105','10','2025-04-10 10:30:00',0,'absent'),(467,'105','10','2025-04-17 10:07:00',1,'checked'),(468,'105','10','2025-04-24 10:12:00',1,'checked'),(469,'105','10','2025-05-01 10:05:00',1,'checked'),(470,'105','10','2025-05-08 10:00:00',1,'checked'),(471,'105','10','2025-05-15 10:20:00',1,'leave'),(472,'105','10','2025-05-22 10:09:00',1,'checked'),(473,'105','10','2025-05-29 10:11:00',1,'checked'),(474,'106','3','2025-03-05 10:05:00',1,'checked'),(475,'106','3','2025-03-12 10:10:00',1,'checked'),(476,'106','3','2025-03-19 10:03:00',1,'checked'),(477,'106','3','2025-03-26 10:15:00',1,'checked'),(478,'106','3','2025-04-02 10:08:00',1,'checked'),(479,'106','3','2025-04-09 10:30:00',0,'absent'),(480,'106','3','2025-04-16 10:07:00',1,'checked'),(481,'106','3','2025-04-23 10:12:00',1,'checked'),(482,'106','3','2025-04-30 10:05:00',1,'checked'),(483,'106','3','2025-05-07 10:00:00',1,'checked'),(484,'106','3','2025-05-14 10:20:00',1,'checked'),(485,'106','3','2025-05-21 10:09:00',1,'absent'),(486,'106','3','2025-05-28 10:11:00',1,'checked'),(487,'106','5','2025-03-07 10:05:00',1,'checked'),(488,'106','5','2025-03-14 10:10:00',1,'checked'),(489,'106','5','2025-03-21 10:03:00',1,'checked'),(490,'106','5','2025-03-28 10:15:00',1,'checked'),(491,'106','5','2025-04-04 10:08:00',1,'checked'),(492,'106','5','2025-04-11 10:30:00',0,'absent'),(493,'106','5','2025-04-18 10:07:00',1,'checked'),(494,'106','5','2025-04-25 10:12:00',1,'checked'),(495,'106','5','2025-05-02 10:05:00',1,'checked'),(496,'106','5','2025-05-09 10:00:00',1,'checked'),(497,'106','5','2025-05-16 10:20:00',1,'leave'),(498,'106','5','2025-05-23 10:09:00',1,'checked'),(499,'106','5','2025-05-30 10:11:00',1,'checked'),(500,'106','6','2025-03-01 19:05:00',1,'checked'),(501,'106','6','2025-03-08 19:10:00',1,'checked'),(502,'106','6','2025-03-15 19:03:00',1,'checked'),(503,'106','6','2025-03-22 19:15:00',1,'checked'),(504,'106','6','2025-03-29 19:08:00',1,'checked'),(505,'106','6','2025-04-05 19:30:00',0,'absent'),(506,'106','6','2025-04-12 19:07:00',1,'checked'),(507,'106','6','2025-04-19 19:12:00',1,'checked'),(508,'106','6','2025-04-26 19:05:00',1,'checked'),(509,'106','6','2025-05-03 19:00:00',1,'checked'),(510,'106','6','2025-05-10 19:20:00',1,'leave'),(511,'106','6','2025-05-17 19:09:00',1,'checked'),(512,'106','6','2025-05-24 19:11:00',1,'checked'),(513,'106','6','2025-05-31 19:06:00',1,'checked'),(514,'106','9','2025-03-05 14:05:00',1,'checked'),(515,'106','9','2025-03-12 14:10:00',1,'checked'),(516,'106','9','2025-03-19 14:03:00',1,'checked'),(517,'106','9','2025-03-26 14:15:00',1,'checked'),(518,'106','9','2025-04-02 14:08:00',1,'checked'),(519,'106','9','2025-04-09 14:30:00',0,'absent'),(520,'106','9','2025-04-16 14:07:00',1,'checked'),(521,'106','9','2025-04-23 14:12:00',1,'checked'),(522,'106','9','2025-04-30 14:05:00',1,'checked'),(523,'106','9','2025-05-07 14:00:00',1,'checked'),(524,'106','9','2025-05-14 14:20:00',1,'leave'),(525,'106','9','2025-05-21 14:09:00',1,'checked'),(526,'106','9','2025-05-28 14:11:00',1,'checked'),(527,'106','13','2025-03-03 19:05:00',1,'checked'),(528,'106','13','2025-03-10 19:10:00',1,'checked'),(529,'106','13','2025-03-17 19:03:00',1,'checked'),(530,'106','13','2025-03-24 19:15:00',1,'checked'),(531,'106','13','2025-03-31 19:08:00',1,'checked'),(532,'106','13','2025-04-07 19:30:00',0,'absent'),(533,'106','13','2025-04-14 19:07:00',1,'checked'),(534,'106','13','2025-04-21 19:12:00',1,'checked'),(535,'106','13','2025-04-28 19:05:00',1,'checked'),(536,'106','13','2025-05-05 19:00:00',1,'checked'),(537,'106','13','2025-05-12 19:20:00',1,'leave'),(538,'106','13','2025-05-19 19:09:00',1,'checked'),(539,'106','13','2025-05-26 19:11:00',1,'checked'),(540,'107','1','2025-03-03 10:05:00',1,'checked'),(541,'107','1','2025-03-10 10:10:00',1,'checked'),(542,'107','1','2025-03-17 10:03:00',1,'checked'),(543,'107','1','2025-03-24 10:15:00',1,'checked'),(544,'107','1','2025-03-31 10:08:00',1,'checked'),(545,'107','1','2025-04-07 10:30:00',0,'absent'),(546,'107','1','2025-04-14 10:07:00',1,'checked'),(547,'107','1','2025-04-21 10:12:00',1,'checked'),(548,'107','1','2025-04-28 10:05:00',1,'checked'),(549,'107','1','2025-05-05 10:00:00',1,'checked'),(550,'107','1','2025-05-12 10:20:00',1,'leave'),(551,'107','1','2025-05-19 10:09:00',1,'checked'),(552,'107','1','2025-05-26 10:11:00',1,'checked'),(553,'107','2','2025-03-04 14:05:00',1,'checked'),(554,'107','2','2025-03-11 14:10:00',1,'checked'),(555,'107','2','2025-03-18 14:03:00',1,'checked'),(556,'107','2','2025-03-25 14:15:00',1,'checked'),(557,'107','2','2025-04-01 14:08:00',1,'checked'),(558,'107','2','2025-04-08 14:30:00',0,'absent'),(559,'107','2','2025-04-15 14:07:00',1,'checked'),(560,'107','2','2025-04-22 14:12:00',1,'checked'),(561,'107','2','2025-04-29 14:05:00',1,'checked'),(562,'107','2','2025-05-06 14:00:00',1,'checked'),(563,'107','2','2025-05-13 14:20:00',1,'leave'),(564,'107','2','2025-05-20 14:09:00',1,'checked'),(565,'107','2','2025-05-27 14:11:00',1,'checked'),(566,'107','4','2025-03-06 14:05:00',1,'checked'),(567,'107','4','2025-03-13 14:10:00',1,'checked'),(568,'107','4','2025-03-20 14:03:00',1,'checked'),(569,'107','4','2025-03-27 14:15:00',1,'checked'),(570,'107','4','2025-04-03 14:08:00',1,'checked'),(571,'107','4','2025-04-10 14:30:00',0,'absent'),(572,'107','4','2025-04-17 14:07:00',1,'checked'),(573,'107','4','2025-04-24 14:12:00',1,'checked'),(574,'107','4','2025-05-01 14:05:00',1,'checked'),(575,'107','4','2025-05-08 14:00:00',1,'checked'),(576,'107','4','2025-05-15 14:20:00',1,'leave'),(577,'107','4','2025-05-22 14:09:00',1,'checked'),(578,'107','4','2025-05-29 14:11:00',1,'checked'),(579,'107','6','2025-03-01 19:05:00',1,'checked'),(580,'107','6','2025-03-08 19:10:00',1,'checked'),(581,'107','6','2025-03-15 19:03:00',1,'checked'),(582,'107','6','2025-03-22 19:15:00',1,'checked'),(583,'107','6','2025-03-29 19:08:00',1,'checked'),(584,'107','6','2025-04-05 19:30:00',0,'absent'),(585,'107','6','2025-04-12 19:07:00',1,'checked'),(586,'107','6','2025-04-19 19:12:00',1,'checked'),(587,'107','6','2025-04-26 19:05:00',1,'checked'),(588,'107','6','2025-05-03 19:00:00',1,'checked'),(589,'107','6','2025-05-10 19:20:00',1,'leave'),(590,'107','6','2025-05-17 19:09:00',1,'checked'),(591,'107','6','2025-05-24 19:11:00',1,'checked'),(592,'107','6','2025-05-31 19:06:00',1,'checked'),(593,'107','10','2025-03-06 10:05:00',1,'checked'),(594,'107','10','2025-03-13 10:10:00',1,'checked'),(595,'107','10','2025-03-20 10:03:00',1,'checked'),(596,'107','10','2025-03-27 10:15:00',1,'checked'),(597,'107','10','2025-04-03 10:08:00',1,'checked'),(598,'107','10','2025-04-10 10:30:00',0,'absent'),(599,'107','10','2025-04-17 10:07:00',1,'checked'),(600,'107','10','2025-04-24 10:12:00',1,'checked'),(601,'107','10','2025-05-01 10:05:00',1,'checked'),(602,'107','10','2025-05-08 10:00:00',1,'checked'),(603,'107','10','2025-05-15 10:20:00',1,'leave'),(604,'107','10','2025-05-22 10:09:00',1,'checked'),(605,'107','10','2025-05-29 10:11:00',1,'checked');
/*!40000 ALTER TABLE `attendance_log` ENABLE KEYS */;
UNLOCK TABLES;

--
-- Table structure for table `attendance_requirement`
--

DROP TABLE IF EXISTS `attendance_requirement`;
/*!40101 SET @saved_cs_client     = @@character_set_client */;
/*!50503 SET character_set_client = utf8mb4 */;
CREATE TABLE `attendance_requirement` (
  `course_id` varchar(20) NOT NULL,
  `check_date` date NOT NULL,
  `start_time` time NOT NULL,
  `end_time` time NOT NULL,
  `location` tinyint(1) DEFAULT NULL,
  PRIMARY KEY (`course_id`,`check_date`),
  KEY `idx_req_course` (`course_id`,`check_date`),
  CONSTRAINT `attendance_requirement_ibfk_1` FOREIGN KEY (`course_id`) REFERENCES `course` (`course_id`),
  CONSTRAINT `chk_time_range` CHECK ((`start_time` < `end_time`))
) ENGINE=InnoDB DEFAULT CHARSET=utf8mb4 COLLATE=utf8mb4_0900_ai_ci;
/*!40101 SET character_set_client = @saved_cs_client */;

--
-- Dumping data for table `attendance_requirement`
--

LOCK TABLES `attendance_requirement` WRITE;
/*!40000 ALTER TABLE `attendance_requirement` DISABLE KEYS */;
INSERT INTO `attendance_requirement` VALUES ('1','2025-03-03','10:00:00','10:15:00',1),('1','2025-03-10','10:00:00','10:15:00',1),('1','2025-03-17','10:00:00','10:15:00',1),('1','2025-03-24','10:00:00','10:15:00',1),('1','2025-03-31','10:00:00','10:15:00',1),('1','2025-04-07','10:00:00','10:15:00',1),('1','2025-04-14','10:00:00','10:15:00',1),('1','2025-04-21','10:00:00','10:15:00',1),('1','2025-04-28','10:00:00','10:15:00',1),('1','2025-05-05','10:00:00','10:15:00',1),('1','2025-05-12','10:00:00','10:15:00',1),('1','2025-05-19','10:00:00','10:15:00',1),('1','2025-05-26','10:00:00','10:15:00',1),('10','2025-03-06','10:00:00','10:15:00',1),('10','2025-03-13','10:00:00','10:15:00',1),('10','2025-03-20','10:00:00','10:15:00',1),('10','2025-03-27','10:00:00','10:15:00',1),('10','2025-04-03','10:00:00','10:15:00',1),('10','2025-04-10','10:00:00','10:15:00',1),('10','2025-04-17','10:00:00','10:15:00',1),('10','2025-04-24','10:00:00','10:15:00',1),('10','2025-05-01','10:00:00','10:15:00',1),('10','2025-05-08','10:00:00','10:15:00',1),('10','2025-05-15','10:00:00','10:15:00',1),('10','2025-05-22','10:00:00','10:15:00',1),('10','2025-05-29','10:00:00','10:15:00',1),('11','2025-03-07','14:00:00','14:15:00',1),('11','2025-03-14','14:00:00','14:15:00',1),('11','2025-03-21','14:00:00','14:15:00',1),('11','2025-03-28','14:00:00','14:15:00',1),('11','2025-04-04','14:00:00','14:15:00',1),('11','2025-04-11','14:00:00','14:15:00',1),('11','2025-04-18','14:00:00','14:15:00',1),('11','2025-04-25','14:00:00','14:15:00',1),('11','2025-05-02','14:00:00','14:15:00',1),('11','2025-05-09','14:00:00','14:15:00',1),('11','2025-05-16','14:00:00','14:15:00',1),('11','2025-05-23','14:00:00','14:15:00',1),('11','2025-05-30','14:00:00','14:15:00',1),('12','2025-03-01','10:00:00','10:15:00',1),('12','2025-03-08','10:00:00','10:15:00',1),('12','2025-03-15','10:00:00','10:15:00',1),('12','2025-03-22','10:00:00','10:15:00',1),('12','2025-03-29','10:00:00','10:15:00',1),('12','2025-04-05','10:00:00','10:15:00',1),('12','2025-04-12','10:00:00','10:15:00',1),('12','2025-04-19','10:00:00','10:15:00',1),('12','2025-04-26','10:00:00','10:15:00',1),('12','2025-05-03','10:00:00','10:15:00',1),('12','2025-05-10','10:00:00','10:15:00',1),('12','2025-05-17','10:00:00','10:15:00',1),('12','2025-05-24','10:00:00','10:15:00',1),('12','2025-05-31','10:00:00','10:15:00',1),('13','2025-03-03','19:00:00','19:15:00',1),('13','2025-03-10','19:00:00','19:15:00',1),('13','2025-03-17','19:00:00','19:15:00',1),('13','2025-03-24','19:00:00','19:15:00',1),('13','2025-03-31','19:00:00','19:15:00',1),('13','2025-04-07','19:00:00','19:15:00',1),('13','2025-04-14','19:00:00','19:15:00',1),('13','2025-04-21','19:00:00','19:15:00',1),('13','2025-04-28','19:00:00','19:15:00',1),('13','2025-05-05','19:00:00','19:15:00',1),('13','2025-05-12','19:00:00','19:15:00',1),('13','2025-05-19','19:00:00','19:15:00',1),('13','2025-05-26','19:00:00','19:15:00',1),('14','2025-03-04','19:00:00','19:15:00',1),('14','2025-03-11','19:00:00','19:15:00',1),('14','2025-03-18','19:00:00','19:15:00',1),('14','2025-03-25','19:00:00','19:15:00',1),('14','2025-04-01','19:00:00','19:15:00',1),('14','2025-04-08','19:00:00','19:15:00',1),('14','2025-04-15','19:00:00','19:15:00',1),('14','2025-04-22','19:00:00','19:15:00',1),('14','2025-04-29','19:00:00','19:15:00',1),('14','2025-05-06','19:00:00','19:15:00',1),('14','2025-05-13','19:00:00','19:15:00',1),('14','2025-05-20','19:00:00','19:15:00',1),('14','2025-05-27','19:00:00','19:15:00',1),('15','2025-03-05','19:00:00','19:15:00',1),('15','2025-03-12','19:00:00','19:15:00',1),('15','2025-03-19','19:00:00','19:15:00',1),('15','2025-03-26','19:00:00','19:15:00',1),('15','2025-04-02','19:00:00','19:15:00',1),('15','2025-04-09','19:00:00','19:15:00',1),('15','2025-04-16','19:00:00','19:15:00',1),('15','2025-04-23','19:00:00','19:15:00',1),('15','2025-04-30','19:00:00','19:15:00',1),('15','2025-05-07','19:00:00','19:15:00',1),('15','2025-05-14','19:00:00','19:15:00',1),('15','2025-05-21','19:00:00','19:15:00',1),('15','2025-05-28','19:00:00','19:15:00',1),('2','2025-03-04','14:00:00','14:15:00',1),('2','2025-03-11','14:00:00','14:15:00',1),('2','2025-03-18','14:00:00','14:15:00',1),('2','2025-03-25','14:00:00','14:15:00',1),('2','2025-04-01','14:00:00','14:15:00',1),('2','2025-04-08','14:00:00','14:15:00',1),('2','2025-04-15','14:00:00','14:15:00',1),('2','2025-04-22','14:00:00','14:15:00',1),('2','2025-04-29','14:00:00','14:15:00',1),('2','2025-05-06','14:00:00','14:15:00',1),('2','2025-05-13','14:00:00','14:15:00',1),('2','2025-05-20','14:00:00','14:15:00',1),('2','2025-05-27','14:00:00','14:15:00',1),('3','2025-03-05','10:00:00','10:15:00',1),('3','2025-03-12','10:00:00','10:15:00',1),('3','2025-03-19','10:00:00','10:15:00',1),('3','2025-03-26','10:00:00','10:15:00',1),('3','2025-04-02','10:00:00','10:15:00',1),('3','2025-04-09','10:00:00','10:15:00',1),('3','2025-04-16','10:00:00','10:15:00',1),('3','2025-04-23','10:00:00','10:15:00',1),('3','2025-04-30','10:00:00','10:15:00',1),('3','2025-05-07','10:00:00','10:15:00',1),('3','2025-05-14','10:00:00','10:15:00',1),('3','2025-05-21','10:00:00','10:15:00',1),('3','2025-05-28','10:00:00','10:15:00',1),('4','2025-03-06','14:00:00','14:15:00',1),('4','2025-03-13','14:00:00','14:15:00',1),('4','2025-03-20','14:00:00','14:15:00',1),('4','2025-03-27','14:00:00','14:15:00',1),('4','2025-04-03','14:00:00','14:15:00',1),('4','2025-04-10','14:00:00','14:15:00',1),('4','2025-04-17','14:00:00','14:15:00',1),('4','2025-04-24','14:00:00','14:15:00',1),('4','2025-05-01','14:00:00','14:15:00',1),('4','2025-05-08','14:00:00','14:15:00',1),('4','2025-05-15','14:00:00','14:15:00',1),('4','2025-05-22','14:00:00','14:15:00',1),('4','2025-05-29','14:00:00','14:15:00',1),('5','2025-03-07','10:00:00','10:15:00',1),('5','2025-03-14','10:00:00','10:15:00',1),('5','2025-03-21','10:00:00','10:15:00',1),('5','2025-03-28','10:00:00','10:15:00',1),('5','2025-04-04','10:00:00','10:15:00',1),('5','2025-04-11','10:00:00','10:15:00',1),('5','2025-04-18','10:00:00','10:15:00',1),('5','2025-04-25','10:00:00','10:15:00',1),('5','2025-05-02','10:00:00','10:15:00',1),('5','2025-05-09','10:00:00','10:15:00',1),('5','2025-05-16','10:00:00','10:15:00',1),('5','2025-05-23','10:00:00','10:15:00',1),('5','2025-05-30','10:00:00','10:15:00',1),('6','2025-03-01','19:00:00','19:15:00',1),('6','2025-03-08','19:00:00','19:15:00',1),('6','2025-03-15','19:00:00','19:15:00',1),('6','2025-03-22','19:00:00','19:15:00',1),('6','2025-03-29','19:00:00','19:15:00',1),('6','2025-04-05','19:00:00','19:15:00',1),('6','2025-04-12','19:00:00','19:15:00',1),('6','2025-04-19','19:00:00','19:15:00',1),('6','2025-04-26','19:00:00','19:15:00',1),('6','2025-05-03','19:00:00','19:15:00',1),('6','2025-05-10','19:00:00','19:15:00',1),('6','2025-05-17','19:00:00','19:15:00',1),('6','2025-05-24','19:00:00','19:15:00',1),('6','2025-05-31','19:00:00','19:15:00',1),('7','2025-03-03','14:00:00','14:15:00',1),('7','2025-03-10','14:00:00','14:15:00',1),('7','2025-03-17','14:00:00','14:15:00',1),('7','2025-03-24','14:00:00','14:15:00',1),('7','2025-03-31','14:00:00','14:15:00',1),('7','2025-04-07','14:00:00','14:15:00',1),('7','2025-04-14','14:00:00','14:15:00',1),('7','2025-04-21','14:00:00','14:15:00',1),('7','2025-04-28','14:00:00','14:15:00',1),('7','2025-05-05','14:00:00','14:15:00',1),('7','2025-05-12','14:00:00','14:15:00',1),('7','2025-05-19','14:00:00','14:15:00',1),('7','2025-05-26','14:00:00','14:15:00',1),('8','2025-03-04','10:00:00','10:15:00',1),('8','2025-03-11','10:00:00','10:15:00',1),('8','2025-03-18','10:00:00','10:15:00',1),('8','2025-03-25','10:00:00','10:15:00',1),('8','2025-04-01','10:00:00','10:15:00',1),('8','2025-04-08','10:00:00','10:15:00',1),('8','2025-04-15','10:00:00','10:15:00',1),('8','2025-04-22','10:00:00','10:15:00',1),('8','2025-04-29','10:00:00','10:15:00',1),('8','2025-05-06','10:00:00','10:15:00',1),('8','2025-05-13','10:00:00','10:15:00',1),('8','2025-05-20','10:00:00','10:15:00',1),('8','2025-05-27','10:00:00','10:15:00',1),('9','2025-03-05','14:00:00','14:15:00',1),('9','2025-03-12','14:00:00','14:15:00',1),('9','2025-03-19','14:00:00','14:15:00',1),('9','2025-03-26','14:00:00','14:15:00',1),('9','2025-04-02','14:00:00','14:15:00',1),('9','2025-04-09','14:00:00','14:15:00',1),('9','2025-04-16','14:00:00','14:15:00',1),('9','2025-04-23','14:00:00','14:15:00',1),('9','2025-04-30','14:00:00','14:15:00',1),('9','2025-05-07','14:00:00','14:15:00',1),('9','2025-05-14','14:00:00','14:15:00',1),('9','2025-05-21','14:00:00','14:15:00',1),('9','2025-05-28','14:00:00','14:15:00',1);
/*!40000 ALTER TABLE `attendance_requirement` ENABLE KEYS */;
UNLOCK TABLES;

--
-- Table structure for table `course`
--

DROP TABLE IF EXISTS `course`;
/*!40101 SET @saved_cs_client     = @@character_set_client */;
/*!50503 SET character_set_client = utf8mb4 */;
CREATE TABLE `course` (
  `course_id` varchar(20) NOT NULL,
  `course_name` varchar(50) NOT NULL,
  `credit` int NOT NULL DEFAULT '0',
  `teacher_id` varchar(20) NOT NULL,
  `department` varchar(50) NOT NULL,
  `course_time` varchar(50) NOT NULL,
  `course_location` varchar(50) NOT NULL,
  PRIMARY KEY (`course_id`),
  KEY `teacher_id` (`teacher_id`),
  CONSTRAINT `course_ibfk_1` FOREIGN KEY (`teacher_id`) REFERENCES `teacher` (`teacher_id`)
) ENGINE=InnoDB DEFAULT CHARSET=utf8mb4 COLLATE=utf8mb4_0900_ai_ci;
/*!40101 SET character_set_client = @saved_cs_client */;

--
-- Dumping data for table `course`
--

LOCK TABLES `course` WRITE;
/*!40000 ALTER TABLE `course` DISABLE KEYS */;
INSERT INTO `course` VALUES ('1','大数据基础',3,'200','大数据学院','周一 10:00-12:00','教室1'),('10','深度学习',4,'204','人工智能学院','周四 10:00-12:00','教室10'),('11','半导体物理',2,'205','微电子学院','周五 14:00-16:00','教室11'),('12','分布式系统',3,'206','大数据学院','周六 10:00-12:00','教室12'),('13','计算机视觉',4,'207','人工智能学院','周一 19:00-21:00','教室13'),('14','数据仓库',3,'208','微电子学院','周二 19:00-21:00','教室14'),('15','自然语言处理',4,'209','大数据学院','周三 19:00-21:00','教室15'),('2','人工智能',4,'201','人工智能学院','周二 14:00-16:00','教室2'),('3','数据库及实现',2,'202','大数据学院','周三 10:00-12:00','教室3'),('4','大数据应用',3,'203','大数据学院','周四 14:00-16:00','教室4'),('5','人工智能应用',4,'204','人工智能学院','周五 10:00-12:00','教室5'),('6','数值算法',3,'200','大数据学院','周六 19:00-21:00','教室6'),('7','机器学习',4,'201','人工智能学院','周一 14:00-16:00','教室7'),('8','集成电路设计',3,'202','微电子学院','周二 10:00-12:00','教室8'),('9','数据挖掘',3,'203','大数据学院','周三 14:00-16:00','教室9');
/*!40000 ALTER TABLE `course` ENABLE KEYS */;
UNLOCK TABLES;

--
-- Table structure for table `student`
--

DROP TABLE IF EXISTS `student`;
/*!40101 SET @saved_cs_client     = @@character_set_client */;
/*!50503 SET character_set_client = utf8mb4 */;
CREATE TABLE `student` (
  `student_id` varchar(20) NOT NULL,
  `name` varchar(50) NOT NULL,
  `gender` enum('男','女') NOT NULL,
  `department` varchar(50) NOT NULL,
  `major` varchar(50) NOT NULL,
  `grade` varchar(10) NOT NULL,
  `birthday` date DEFAULT NULL,
  PRIMARY KEY (`student_id`),
  KEY `idx_student_dept` (`department`),
  KEY `idx_student_grade` (`grade`),
  CONSTRAINT `student_ibfk_1` FOREIGN KEY (`student_id`) REFERENCES `user` (`user_id`)
) ENGINE=InnoDB DEFAULT CHARSET=utf8mb4 COLLATE=utf8mb4_0900_ai_ci;
/*!40101 SET character_set_client = @saved_cs_client */;

--
-- Dumping data for table `student`
--

LOCK TABLES `student` WRITE;
/*!40000 ALTER TABLE `student` DISABLE KEYS */;
INSERT INTO `student` VALUES ('100','赵同学','男','大数据学院','大数据','2022','2003-01-01'),('101','钱同学','女','人工智能学院','人工智能','2022','2004-05-02'),('102','孙同学','男','微电子学院','微电子','2022','2003-07-03'),('103','李同学','女','大数据学院','大数据','2022','2004-09-04'),('104','周同学','男','人工智能学院','人工智能','2023','2003-09-05'),('105','吴同学','女','大数据学院','大数据','2024','2006-11-06'),('106','郑同学','男','微电子学院','微电子','2023','2004-12-07'),('107','王同学','男','人工智能学院','人工智能','2022','2005-01-08'),('108','冯同学','女','大数据学院','大数据','2023','2004-02-09'),('109','陈同学','男','微电子学院','微电子','2022','2003-03-10'),('110','褚同学','女','人工智能学院','人工智能','2023','2004-04-11'),('111','卫同学','男','大数据学院','大数据','2022','2003-05-12'),('112','蒋同学','女','微电子学院','微电子','2023','2004-06-13'),('113','沈同学','男','人工智能学院','人工智能','2022','2003-07-14'),('114','韩同学','女','大数据学院','大数据','2023','2004-08-15'),('115','杨同学','男','微电子学院','微电子','2022','2003-09-16'),('116','朱同学','女','人工智能学院','人工智能','2023','2004-10-17'),('117','秦同学','男','大数据学院','大数据','2022','2003-11-18'),('118','尤同学','女','微电子学院','微电子','2024','2005-12-19'),('119','许同学','男','人工智能学院','人工智能','2024','2006-01-20'),('120','何同学','女','大数据学院','大数据','2023','2004-02-21'),('121','吕同学','男','微电子学院','微电子','2022','2003-03-22'),('122','施同学','女','人工智能学院','人工智能','2024','2007-04-23'),('123','张同学','男','大数据学院','大数据','2022','2003-05-24'),('124','孔同学','女','微电子学院','微电子','2023','2004-06-25'),('125','曹同学','男','人工智能学院','人工智能','2024','2007-07-26'),('126','严同学','女','大数据学院','大数据','2023','2004-08-27'),('127','华同学','男','微电子学院','微电子','2022','2003-09-28'),('128','金同学','女','人工智能学院','人工智能','2023','2004-10-29'),('129','魏同学','男','大数据学院','大数据','2022','2003-11-30'),('130','陶同学','女','微电子学院','微电子','2024','2006-12-31'),('131','姜同学','男','人工智能学院','人工智能','2022','2005-01-01'),('132','戴同学','女','大数据学院','大数据','2023','2005-02-02'),('133','谢同学','男','微电子学院','微电子','2024','2005-03-03'),('134','邹同学','女','人工智能学院','人工智能','2024','2004-04-04'),('135','喻同学','男','大数据学院','大数据','2022','2003-05-05'),('136','柏同学','女','微电子学院','微电子','2023','2004-06-06'),('137','水同学','男','人工智能学院','人工智能','2024','2005-07-07'),('138','窦同学','女','大数据学院','大数据','2023','2004-08-08'),('139','章同学','男','微电子学院','微电子','2022','2003-09-09'),('140','云同学','女','人工智能学院','人工智能','2023','2004-10-10'),('141','苏同学','男','大数据学院','大数据','2022','2003-11-11'),('142','潘同学','女','微电子学院','微电子','2023','2004-12-12'),('143','葛同学','男','人工智能学院','人工智能','2022','2003-01-13'),('144','奚同学','女','大数据学院','大数据','2023','2004-02-14'),('145','范同学','男','微电子学院','微电子','2024','2005-03-15'),('146','彭同学','女','人工智能学院','人工智能','2022','2003-03-16'),('147','郎同学','男','大数据学院','大数据','2022','2003-05-17'),('148','鲁同学','女','微电子学院','微电子','2023','2004-06-18'),('149','韦同学','男','人工智能学院','人工智能','2024','2005-07-19'),('150','昌同学','男','大数据学院','大数据','2023','2004-08-20'),('151','马同学','女','人工智能学院','人工智能','2022','2003-09-21'),('152','苗同学','男','微电子学院','微电子','2024','2005-10-22'),('153','凤同学','女','大数据学院','大数据','2023','2004-11-23'),('154','花同学','男','人工智能学院','人工智能','2022','2003-12-24'),('155','方同学','女','微电子学院','微电子','2023','2004-01-25'),('156','俞同学','男','大数据学院','大数据','2024','2005-02-26'),('157','任同学','女','人工智能学院','人工智能','2022','2003-03-27'),('158','袁同学','男','微电子学院','微电子','2023','2004-04-28'),('159','柳同学','女','大数据学院','大数据','2022','2003-05-29'),('160','邓同学','男','人工智能学院','人工智能','2023','2004-06-30'),('161','鲍同学','女','微电子学院','微电子','2024','2005-07-01'),('162','史同学','男','大数据学院','大数据','2022','2003-08-02'),('163','唐同学','女','人工智能学院','人工智能','2023','2004-09-03'),('164','费同学','男','微电子学院','微电子','2022','2003-10-04'),('165','廉同学','女','大数据学院','大数据','2023','2004-11-05'),('166','岑同学','男','人工智能学院','人工智能','2024','2005-12-06'),('167','薛同学','女','微电子学院','微电子','2022','2003-01-07'),('168','雷同学','男','大数据学院','大数据','2023','2004-02-08'),('169','贺同学','女','人工智能学院','人工智能','2022','2003-03-09'),('170','倪同学','男','微电子学院','微电子','2023','2004-04-10'),('171','汤同学','女','大数据学院','大数据','2024','2005-05-11'),('172','滕同学','男','人工智能学院','人工智能','2022','2003-06-12'),('173','殷同学','女','微电子学院','微电子','2023','2004-07-13'),('174','罗同学','男','大数据学院','大数据','2022','2003-08-14'),('175','毕同学','女','人工智能学院','人工智能','2023','2004-09-15'),('176','郝同学','男','微电子学院','微电子','2024','2005-10-16'),('177','邬同学','女','大数据学院','大数据','2022','2003-11-17'),('178','安同学','男','人工智能学院','人工智能','2023','2004-12-18'),('179','常同学','女','微电子学院','微电子','2022','2003-01-19'),('180','乐同学','男','大数据学院','大数据','2023','2004-02-20'),('181','于同学','女','人工智能学院','人工智能','2024','2005-03-21'),('182','时同学','男','微电子学院','微电子','2022','2003-04-22'),('183','傅同学','女','大数据学院','大数据','2023','2004-05-23'),('184','皮同学','男','人工智能学院','人工智能','2022','2003-06-24'),('185','卞同学','女','微电子学院','微电子','2023','2004-07-25'),('186','齐同学','男','大数据学院','大数据','2024','2005-08-26'),('187','康同学','女','人工智能学院','人工智能','2022','2003-09-27'),('188','伍同学','男','微电子学院','微电子','2023','2004-10-28'),('189','余同学','女','大数据学院','大数据','2022','2003-11-29'),('190','元同学','男','人工智能学院','人工智能','2023','2004-12-30'),('191','卜同学','女','微电子学院','微电子','2024','2005-01-31'),('192','顾同学','男','大数据学院','大数据','2022','2003-02-01'),('193','孟同学','女','人工智能学院','人工智能','2023','2004-03-02'),('194','平同学','男','微电子学院','微电子','2022','2003-04-03'),('195','黄同学','女','大数据学院','大数据','2023','2004-05-04'),('196','和同学','男','人工智能学院','人工智能','2024','2005-06-05'),('197','穆同学','女','微电子学院','微电子','2022','2003-07-06'),('198','萧同学','男','大数据学院','大数据','2023','2004-08-07'),('199','尹同学','女','人工智能学院','人工智能','2022','2003-09-08');
/*!40000 ALTER TABLE `student` ENABLE KEYS */;
UNLOCK TABLES;

--
-- Table structure for table `student_course`
--

DROP TABLE IF EXISTS `student_course`;
/*!40101 SET @saved_cs_client     = @@character_set_client */;
/*!50503 SET character_set_client = utf8mb4 */;
CREATE TABLE `student_course` (
  `student_id` varchar(20) NOT NULL,
  `course_id` varchar(20) NOT NULL,
  PRIMARY KEY (`student_id`,`course_id`),
  KEY `idx_sc_course` (`course_id`),
  CONSTRAINT `student_course_ibfk_1` FOREIGN KEY (`student_id`) REFERENCES `student` (`student_id`),
  CONSTRAINT `student_course_ibfk_2` FOREIGN KEY (`course_id`) REFERENCES `course` (`course_id`)
) ENGINE=InnoDB DEFAULT CHARSET=utf8mb4 COLLATE=utf8mb4_0900_ai_ci;
/*!40101 SET character_set_client = @saved_cs_client */;

--
-- Dumping data for table `student_course`
--

LOCK TABLES `student_course` WRITE;
/*!40000 ALTER TABLE `student_course` DISABLE KEYS */;
INSERT INTO `student_course` VALUES ('100','1'),('101','1'),('102','1'),('103','1'),('104','1'),('107','1'),('105','10'),('107','10'),('101','11'),('104','11'),('101','12'),('104','12'),('102','13'),('106','13'),('102','14'),('100','2'),('101','2'),('103','2'),('104','2'),('105','2'),('107','2'),('100','3'),('101','3'),('102','3'),('103','3'),('104','3'),('106','3'),('100','4'),('105','4'),('107','4'),('100','5'),('102','5'),('103','5'),('105','5'),('106','5'),('101','6'),('102','6'),('104','6'),('106','6'),('107','6'),('101','7'),('103','7'),('104','7'),('102','8'),('105','8'),('106','9');
/*!40000 ALTER TABLE `student_course` ENABLE KEYS */;
UNLOCK TABLES;

--
-- Table structure for table `teacher`
--

DROP TABLE IF EXISTS `teacher`;
/*!40101 SET @saved_cs_client     = @@character_set_client */;
/*!50503 SET character_set_client = utf8mb4 */;
CREATE TABLE `teacher` (
  `teacher_id` varchar(20) NOT NULL,
  `name` varchar(50) NOT NULL,
  `gender` enum('男','女') NOT NULL,
  `department` varchar(50) NOT NULL,
  `title` varchar(50) NOT NULL,
  `birthday` date NOT NULL,
  PRIMARY KEY (`teacher_id`),
  CONSTRAINT `teacher_ibfk_1` FOREIGN KEY (`teacher_id`) REFERENCES `user` (`user_id`)
) ENGINE=InnoDB DEFAULT CHARSET=utf8mb4 COLLATE=utf8mb4_0900_ai_ci;
/*!40101 SET character_set_client = @saved_cs_client */;

--
-- Dumping data for table `teacher`
--

LOCK TABLES `teacher` WRITE;
/*!40000 ALTER TABLE `teacher` DISABLE KEYS */;
INSERT INTO `teacher` VALUES ('200','张老师','男','大数据学院','教授','1990-01-01'),('201','李老师','女','人工智能学院','副教授','1985-05-02'),('202','郑老师','男','大数据学院','讲师','1995-07-03'),('203','赵老师','女','大数据学院','教授','1980-09-04'),('204','钱老师','男','人工智能学院','副教授','1988-11-05'),('205','孙老师','女','微电子学院','讲师','1992-03-15'),('206','周老师','男','大数据学院','副教授','1987-06-22'),('207','吴老师','女','人工智能学院','教授','1979-09-30'),('208','郑老师','男','微电子学院','副教授','1986-12-08'),('209','陈老师','女','大数据学院','讲师','1993-04-17');
/*!40000 ALTER TABLE `teacher` ENABLE KEYS */;
UNLOCK TABLES;

--
-- Table structure for table `user`
--

DROP TABLE IF EXISTS `user`;
/*!40101 SET @saved_cs_client     = @@character_set_client */;
/*!50503 SET character_set_client = utf8mb4 */;
CREATE TABLE `user` (
  `user_id` varchar(20) NOT NULL,
  `password` char(60) NOT NULL,
  `user_type` enum('student','teacher','admin') NOT NULL,
  PRIMARY KEY (`user_id`)
) ENGINE=InnoDB DEFAULT CHARSET=utf8mb4 COLLATE=utf8mb4_0900_ai_ci;
/*!40101 SET character_set_client = @saved_cs_client */;

--
-- Dumping data for table `user`
--

LOCK TABLES `user` WRITE;
/*!40000 ALTER TABLE `user` DISABLE KEYS */;
INSERT INTO `user` VALUES ('100','$2b$12$VXaeAcflsGlz6EVIPVV2UezHxS1Ti7/tEvQ.IuLIyUrXBCn8NAoce','student'),('101','$2b$12$VXaeAcflsGlz6EVIPVV2UezHxS1Ti7/tEvQ.IuLIyUrXBCn8NAoce','student'),('102','$2b$12$VXaeAcflsGlz6EVIPVV2UezHxS1Ti7/tEvQ.IuLIyUrXBCn8NAoce','student'),('103','$2b$12$VXaeAcflsGlz6EVIPVV2UezHxS1Ti7/tEvQ.IuLIyUrXBCn8NAoce','student'),('104','$2b$12$VXaeAcflsGlz6EVIPVV2UezHxS1Ti7/tEvQ.IuLIyUrXBCn8NAoce','student'),('105','$2b$12$VXaeAcflsGlz6EVIPVV2UezHxS1Ti7/tEvQ.IuLIyUrXBCn8NAoce','student'),('106','$2b$12$VXaeAcflsGlz6EVIPVV2UezHxS1Ti7/tEvQ.IuLIyUrXBCn8NAoce','student'),('107','$2b$12$VXaeAcflsGlz6EVIPVV2UezHxS1Ti7/tEvQ.IuLIyUrXBCn8NAoce','student'),('108','$2b$12$VXaeAcflsGlz6EVIPVV2UezHxS1Ti7/tEvQ.IuLIyUrXBCn8NAoce','student'),('109','$2b$12$VXaeAcflsGlz6EVIPVV2UezHxS1Ti7/tEvQ.IuLIyUrXBCn8NAoce','student'),('110','$2b$12$VXaeAcflsGlz6EVIPVV2UezHxS1Ti7/tEvQ.IuLIyUrXBCn8NAoce','student'),('111','$2b$12$VXaeAcflsGlz6EVIPVV2UezHxS1Ti7/tEvQ.IuLIyUrXBCn8NAoce','student'),('112','$2b$12$VXaeAcflsGlz6EVIPVV2UezHxS1Ti7/tEvQ.IuLIyUrXBCn8NAoce','student'),('113','$2b$12$VXaeAcflsGlz6EVIPVV2UezHxS1Ti7/tEvQ.IuLIyUrXBCn8NAoce','student'),('114','$2b$12$VXaeAcflsGlz6EVIPVV2UezHxS1Ti7/tEvQ.IuLIyUrXBCn8NAoce','student'),('115','$2b$12$VXaeAcflsGlz6EVIPVV2UezHxS1Ti7/tEvQ.IuLIyUrXBCn8NAoce','student'),('116','$2b$12$VXaeAcflsGlz6EVIPVV2UezHxS1Ti7/tEvQ.IuLIyUrXBCn8NAoce','student'),('117','$2b$12$VXaeAcflsGlz6EVIPVV2UezHxS1Ti7/tEvQ.IuLIyUrXBCn8NAoce','student'),('118','$2b$12$VXaeAcflsGlz6EVIPVV2UezHxS1Ti7/tEvQ.IuLIyUrXBCn8NAoce','student'),('119','$2b$12$VXaeAcflsGlz6EVIPVV2UezHxS1Ti7/tEvQ.IuLIyUrXBCn8NAoce','student'),('120','$2b$12$VXaeAcflsGlz6EVIPVV2UezHxS1Ti7/tEvQ.IuLIyUrXBCn8NAoce','student'),('121','$2b$12$VXaeAcflsGlz6EVIPVV2UezHxS1Ti7/tEvQ.IuLIyUrXBCn8NAoce','student'),('122','$2b$12$VXaeAcflsGlz6EVIPVV2UezHxS1Ti7/tEvQ.IuLIyUrXBCn8NAoce','student'),('123','$2b$12$VXaeAcflsGlz6EVIPVV2UezHxS1Ti7/tEvQ.IuLIyUrXBCn8NAoce','student'),('124','$2b$12$VXaeAcflsGlz6EVIPVV2UezHxS1Ti7/tEvQ.IuLIyUrXBCn8NAoce','student'),('125','$2b$12$VXaeAcflsGlz6EVIPVV2UezHxS1Ti7/tEvQ.IuLIyUrXBCn8NAoce','student'),('126','$2b$12$VXaeAcflsGlz6EVIPVV2UezHxS1Ti7/tEvQ.IuLIyUrXBCn8NAoce','student'),('127','$2b$12$VXaeAcflsGlz6EVIPVV2UezHxS1Ti7/tEvQ.IuLIyUrXBCn8NAoce','student'),('128','$2b$12$VXaeAcflsGlz6EVIPVV2UezHxS1Ti7/tEvQ.IuLIyUrXBCn8NAoce','student'),('129','$2b$12$VXaeAcflsGlz6EVIPVV2UezHxS1Ti7/tEvQ.IuLIyUrXBCn8NAoce','student'),('130','$2b$12$VXaeAcflsGlz6EVIPVV2UezHxS1Ti7/tEvQ.IuLIyUrXBCn8NAoce','student'),('131','$2b$12$VXaeAcflsGlz6EVIPVV2UezHxS1Ti7/tEvQ.IuLIyUrXBCn8NAoce','student'),('132','$2b$12$VXaeAcflsGlz6EVIPVV2UezHxS1Ti7/tEvQ.IuLIyUrXBCn8NAoce','student'),('133','$2b$12$VXaeAcflsGlz6EVIPVV2UezHxS1Ti7/tEvQ.IuLIyUrXBCn8NAoce','student'),('134','$2b$12$VXaeAcflsGlz6EVIPVV2UezHxS1Ti7/tEvQ.IuLIyUrXBCn8NAoce','student'),('135','$2b$12$VXaeAcflsGlz6EVIPVV2UezHxS1Ti7/tEvQ.IuLIyUrXBCn8NAoce','student'),('136','$2b$12$VXaeAcflsGlz6EVIPVV2UezHxS1Ti7/tEvQ.IuLIyUrXBCn8NAoce','student'),('137','$2b$12$VXaeAcflsGlz6EVIPVV2UezHxS1Ti7/tEvQ.IuLIyUrXBCn8NAoce','student'),('138','$2b$12$VXaeAcflsGlz6EVIPVV2UezHxS1Ti7/tEvQ.IuLIyUrXBCn8NAoce','student'),('139','$2b$12$VXaeAcflsGlz6EVIPVV2UezHxS1Ti7/tEvQ.IuLIyUrXBCn8NAoce','student'),('140','$2b$12$VXaeAcflsGlz6EVIPVV2UezHxS1Ti7/tEvQ.IuLIyUrXBCn8NAoce','student'),('141','$2b$12$VXaeAcflsGlz6EVIPVV2UezHxS1Ti7/tEvQ.IuLIyUrXBCn8NAoce','student'),('142','$2b$12$VXaeAcflsGlz6EVIPVV2UezHxS1Ti7/tEvQ.IuLIyUrXBCn8NAoce','student'),('143','$2b$12$VXaeAcflsGlz6EVIPVV2UezHxS1Ti7/tEvQ.IuLIyUrXBCn8NAoce','student'),('144','$2b$12$VXaeAcflsGlz6EVIPVV2UezHxS1Ti7/tEvQ.IuLIyUrXBCn8NAoce','student'),('145','$2b$12$VXaeAcflsGlz6EVIPVV2UezHxS1Ti7/tEvQ.IuLIyUrXBCn8NAoce','student'),('146','$2b$12$VXaeAcflsGlz6EVIPVV2UezHxS1Ti7/tEvQ.IuLIyUrXBCn8NAoce','student'),('147','$2b$12$VXaeAcflsGlz6EVIPVV2UezHxS1Ti7/tEvQ.IuLIyUrXBCn8NAoce','student'),('148','$2b$12$VXaeAcflsGlz6EVIPVV2UezHxS1Ti7/tEvQ.IuLIyUrXBCn8NAoce','student'),('149','$2b$12$VXaeAcflsGlz6EVIPVV2UezHxS1Ti7/tEvQ.IuLIyUrXBCn8NAoce','student'),('150','$2b$12$VXaeAcflsGlz6EVIPVV2UezHxS1Ti7/tEvQ.IuLIyUrXBCn8NAoce','student'),('151','$2b$12$VXaeAcflsGlz6EVIPVV2UezHxS1Ti7/tEvQ.IuLIyUrXBCn8NAoce','student'),('152','$2b$12$VXaeAcflsGlz6EVIPVV2UezHxS1Ti7/tEvQ.IuLIyUrXBCn8NAoce','student'),('153','$2b$12$VXaeAcflsGlz6EVIPVV2UezHxS1Ti7/tEvQ.IuLIyUrXBCn8NAoce','student'),('154','$2b$12$VXaeAcflsGlz6EVIPVV2UezHxS1Ti7/tEvQ.IuLIyUrXBCn8NAoce','student'),('155','$2b$12$VXaeAcflsGlz6EVIPVV2UezHxS1Ti7/tEvQ.IuLIyUrXBCn8NAoce','student'),('156','$2b$12$VXaeAcflsGlz6EVIPVV2UezHxS1Ti7/tEvQ.IuLIyUrXBCn8NAoce','student'),('157','$2b$12$VXaeAcflsGlz6EVIPVV2UezHxS1Ti7/tEvQ.IuLIyUrXBCn8NAoce','student'),('158','$2b$12$VXaeAcflsGlz6EVIPVV2UezHxS1Ti7/tEvQ.IuLIyUrXBCn8NAoce','student'),('159','$2b$12$VXaeAcflsGlz6EVIPVV2UezHxS1Ti7/tEvQ.IuLIyUrXBCn8NAoce','student'),('160','$2b$12$VXaeAcflsGlz6EVIPVV2UezHxS1Ti7/tEvQ.IuLIyUrXBCn8NAoce','student'),('161','$2b$12$VXaeAcflsGlz6EVIPVV2UezHxS1Ti7/tEvQ.IuLIyUrXBCn8NAoce','student'),('162','$2b$12$VXaeAcflsGlz6EVIPVV2UezHxS1Ti7/tEvQ.IuLIyUrXBCn8NAoce','student'),('163','$2b$12$VXaeAcflsGlz6EVIPVV2UezHxS1Ti7/tEvQ.IuLIyUrXBCn8NAoce','student'),('164','$2b$12$VXaeAcflsGlz6EVIPVV2UezHxS1Ti7/tEvQ.IuLIyUrXBCn8NAoce','student'),('165','$2b$12$VXaeAcflsGlz6EVIPVV2UezHxS1Ti7/tEvQ.IuLIyUrXBCn8NAoce','student'),('166','$2b$12$VXaeAcflsGlz6EVIPVV2UezHxS1Ti7/tEvQ.IuLIyUrXBCn8NAoce','student'),('167','$2b$12$VXaeAcflsGlz6EVIPVV2UezHxS1Ti7/tEvQ.IuLIyUrXBCn8NAoce','student'),('168','$2b$12$VXaeAcflsGlz6EVIPVV2UezHxS1Ti7/tEvQ.IuLIyUrXBCn8NAoce','student'),('169','$2b$12$VXaeAcflsGlz6EVIPVV2UezHxS1Ti7/tEvQ.IuLIyUrXBCn8NAoce','student'),('170','$2b$12$VXaeAcflsGlz6EVIPVV2UezHxS1Ti7/tEvQ.IuLIyUrXBCn8NAoce','student'),('171','$2b$12$VXaeAcflsGlz6EVIPVV2UezHxS1Ti7/tEvQ.IuLIyUrXBCn8NAoce','student'),('172','$2b$12$VXaeAcflsGlz6EVIPVV2UezHxS1Ti7/tEvQ.IuLIyUrXBCn8NAoce','student'),('173','$2b$12$VXaeAcflsGlz6EVIPVV2UezHxS1Ti7/tEvQ.IuLIyUrXBCn8NAoce','student'),('174','$2b$12$VXaeAcflsGlz6EVIPVV2UezHxS1Ti7/tEvQ.IuLIyUrXBCn8NAoce','student'),('175','$2b$12$VXaeAcflsGlz6EVIPVV2UezHxS1Ti7/tEvQ.IuLIyUrXBCn8NAoce','student'),('176','$2b$12$VXaeAcflsGlz6EVIPVV2UezHxS1Ti7/tEvQ.IuLIyUrXBCn8NAoce','student'),('177','$2b$12$VXaeAcflsGlz6EVIPVV2UezHxS1Ti7/tEvQ.IuLIyUrXBCn8NAoce','student'),('178','$2b$12$VXaeAcflsGlz6EVIPVV2UezHxS1Ti7/tEvQ.IuLIyUrXBCn8NAoce','student'),('179','$2b$12$VXaeAcflsGlz6EVIPVV2UezHxS1Ti7/tEvQ.IuLIyUrXBCn8NAoce','student'),('180','$2b$12$VXaeAcflsGlz6EVIPVV2UezHxS1Ti7/tEvQ.IuLIyUrXBCn8NAoce','student'),('181','$2b$12$VXaeAcflsGlz6EVIPVV2UezHxS1Ti7/tEvQ.IuLIyUrXBCn8NAoce','student'),('182','$2b$12$VXaeAcflsGlz6EVIPVV2UezHxS1Ti7/tEvQ.IuLIyUrXBCn8NAoce','student'),('183','$2b$12$VXaeAcflsGlz6EVIPVV2UezHxS1Ti7/tEvQ.IuLIyUrXBCn8NAoce','student'),('184','$2b$12$VXaeAcflsGlz6EVIPVV2UezHxS1Ti7/tEvQ.IuLIyUrXBCn8NAoce','student'),('185','$2b$12$VXaeAcflsGlz6EVIPVV2UezHxS1Ti7/tEvQ.IuLIyUrXBCn8NAoce','student'),('186','$2b$12$VXaeAcflsGlz6EVIPVV2UezHxS1Ti7/tEvQ.IuLIyUrXBCn8NAoce','student'),('187','$2b$12$VXaeAcflsGlz6EVIPVV2UezHxS1Ti7/tEvQ.IuLIyUrXBCn8NAoce','student'),('188','$2b$12$VXaeAcflsGlz6EVIPVV2UezHxS1Ti7/tEvQ.IuLIyUrXBCn8NAoce','student'),('189','$2b$12$VXaeAcflsGlz6EVIPVV2UezHxS1Ti7/tEvQ.IuLIyUrXBCn8NAoce','student'),('190','$2b$12$VXaeAcflsGlz6EVIPVV2UezHxS1Ti7/tEvQ.IuLIyUrXBCn8NAoce','student'),('191','$2b$12$VXaeAcflsGlz6EVIPVV2UezHxS1Ti7/tEvQ.IuLIyUrXBCn8NAoce','student'),('192','$2b$12$VXaeAcflsGlz6EVIPVV2UezHxS1Ti7/tEvQ.IuLIyUrXBCn8NAoce','student'),('193','$2b$12$VXaeAcflsGlz6EVIPVV2UezHxS1Ti7/tEvQ.IuLIyUrXBCn8NAoce','student'),('194','$2b$12$VXaeAcflsGlz6EVIPVV2UezHxS1Ti7/tEvQ.IuLIyUrXBCn8NAoce','student'),('195','$2b$12$VXaeAcflsGlz6EVIPVV2UezHxS1Ti7/tEvQ.IuLIyUrXBCn8NAoce','student'),('196','$2b$12$VXaeAcflsGlz6EVIPVV2UezHxS1Ti7/tEvQ.IuLIyUrXBCn8NAoce','student'),('197','$2b$12$VXaeAcflsGlz6EVIPVV2UezHxS1Ti7/tEvQ.IuLIyUrXBCn8NAoce','student'),('198','$2b$12$VXaeAcflsGlz6EVIPVV2UezHxS1Ti7/tEvQ.IuLIyUrXBCn8NAoce','student'),('199','$2b$12$VXaeAcflsGlz6EVIPVV2UezHxS1Ti7/tEvQ.IuLIyUrXBCn8NAoce','student'),('200','$2b$12$VXaeAcflsGlz6EVIPVV2UezHxS1Ti7/tEvQ.IuLIyUrXBCn8NAoce','teacher'),('201','$2b$12$VXaeAcflsGlz6EVIPVV2UezHxS1Ti7/tEvQ.IuLIyUrXBCn8NAoce','teacher'),('202','$2b$12$VXaeAcflsGlz6EVIPVV2UezHxS1Ti7/tEvQ.IuLIyUrXBCn8NAoce','teacher'),('203','$2b$12$VXaeAcflsGlz6EVIPVV2UezHxS1Ti7/tEvQ.IuLIyUrXBCn8NAoce','teacher'),('204','$2b$12$VXaeAcflsGlz6EVIPVV2UezHxS1Ti7/tEvQ.IuLIyUrXBCn8NAoce','teacher'),('205','$2b$12$VXaeAcflsGlz6EVIPVV2UezHxS1Ti7/tEvQ.IuLIyUrXBCn8NAoce','teacher'),('206','$2b$12$VXaeAcflsGlz6EVIPVV2UezHxS1Ti7/tEvQ.IuLIyUrXBCn8NAoce','teacher'),('207','$2b$12$VXaeAcflsGlz6EVIPVV2UezHxS1Ti7/tEvQ.IuLIyUrXBCn8NAoce','teacher'),('208','$2b$12$VXaeAcflsGlz6EVIPVV2UezHxS1Ti7/tEvQ.IuLIyUrXBCn8NAoce','teacher'),('209','$2b$12$VXaeAcflsGlz6EVIPVV2UezHxS1Ti7/tEvQ.IuLIyUrXBCn8NAoce','teacher'),('300','$2b$12$VXaeAcflsGlz6EVIPVV2UezHxS1Ti7/tEvQ.IuLIyUrXBCn8NAoce','admin');
/*!40000 ALTER TABLE `user` ENABLE KEYS */;
UNLOCK TABLES;
/*!40103 SET TIME_ZONE=@OLD_TIME_ZONE */;

/*!40101 SET SQL_MODE=@OLD_SQL_MODE */;
/*!40014 SET FOREIGN_KEY_CHECKS=@OLD_FOREIGN_KEY_CHECKS */;
/*!40014 SET UNIQUE_CHECKS=@OLD_UNIQUE_CHECKS */;
/*!40111 SET SQL_NOTES=@OLD_SQL_NOTES */;

-- Dump completed on 2025-06-21 13:03:11
